{
    "name": "Rosenblock Function",
    "statistics": {
        "mean": 62.77831690877102,
        "std": 20.564448389159477,
        "best": {
            "value": 41.059253778556204,
            "params": [
                -0.6791917831290011,
                0.5070445780465899,
                0.24669593580726706,
                0.04682020132264399,
                0.00873592542941293,
                0.22125812512042486,
                0.21553006848498954,
                0.19983279237893142,
                0.13946182785473812,
                0.06577717775211563,
                0.024755153270350078,
                -0.004279988250538854,
                0.054813189296764334,
                0.03657163868207523,
                0.02394896026687576,
                -0.00019398332872031432,
                0.047607087258108444,
                -0.05009229727493056,
                -0.035696012370576326,
                -0.022455182803689324,
                -0.016826781014799157,
                0.04675024002240659,
                -0.008506676191502464,
                0.006962895676423869,
                0.04748131966273502,
                0.04650932936418797,
                0.016197827591516036,
                -0.0038713707396899424,
                0.020703242756487827,
                0.028061196571276502
            ]
        },
        "mean_execution_time": 1.0631301403045654,
        "function_evaluation_count": 18090
    },
    "iterations": [
        {
            "value": 90.38767023068866,
            "params": [
                0.12088605251045641,
                0.04656733858327768,
                0.005185579795200875,
                -0.1501727644181337,
                0.2522393306285989,
                0.34723271418643503,
                0.40791099144822573,
                0.4621230822623951,
                0.4648110120394996,
                0.5150353188613027,
                0.5783671920806162,
                0.5508327811686119,
                0.43111441272167617,
                0.2875738922188867,
                0.14646035624282652,
                0.03945608974103165,
                0.04723004404715394,
                0.036130629938880804,
                0.054312188649033366,
                0.057084916561998,
                -0.028959988581845876,
                0.015112644640486068,
                0.004807169102742036,
                -0.011376334075368437,
                -0.03695324882345791,
                0.06049515510652326,
                0.01675686428871059,
                -0.011480920159514227,
                -0.109117810628005,
                0.06446696977691328
            ],
            "execution_time": 1.1219916343688965,
            "evaluation_time": 6030
        },
        {
            "value": 56.8880267170682,
            "params": [
                -0.03007825862892525,
                -0.017435001855543836,
                0.052290751783431885,
                0.006770777584552009,
                0.0853848452811273,
                -0.02227931287803892,
                0.057367042725784925,
                0.09433177142939633,
                -0.027383809727509877,
                -0.04982849132722253,
                0.010792337397530424,
                0.10663489087405047,
                -0.08572232233079517,
                0.03728706533364401,
                0.014938899690787797,
                -0.06774433417897036,
                0.30193315357504086,
                0.32892111856239614,
                0.3243928897388601,
                0.29190183076792814,
                0.14199751188662815,
                0.1270035782368702,
                0.06527542079718548,
                0.010085763042684645,
                0.0577064026238133,
                0.008026723953500722,
                0.05508501770332278,
                0.01680048918812693,
                0.09972423858059697,
                0.03343479900155236
            ],
            "execution_time": 1.0137598514556885,
            "evaluation_time": 6030
        },
        {
            "value": 41.059253778556204,
            "params": [
                -0.6791917831290011,
                0.5070445780465899,
                0.24669593580726706,
                0.04682020132264399,
                0.00873592542941293,
                0.22125812512042486,
                0.21553006848498954,
                0.19983279237893142,
                0.13946182785473812,
                0.06577717775211563,
                0.024755153270350078,
                -0.004279988250538854,
                0.054813189296764334,
                0.03657163868207523,
                0.02394896026687576,
                -0.00019398332872031432,
                0.047607087258108444,
                -0.05009229727493056,
                -0.035696012370576326,
                -0.022455182803689324,
                -0.016826781014799157,
                0.04675024002240659,
                -0.008506676191502464,
                0.006962895676423869,
                0.04748131966273502,
                0.04650932936418797,
                0.016197827591516036,
                -0.0038713707396899424,
                0.020703242756487827,
                0.028061196571276502
            ],
            "execution_time": 1.0536389350891113,
            "evaluation_time": 6030
        }
    ]
}