{
  "name": "Schwefel Function",
  "statistics": {
    "mean": -6820.745120336603,
    "std": 703.0033077489016,
    "best": {
      "value": -8230.8597965281,
      "params": [
        428.8318177447505,
        420.7066843469354,
        -310.7418268895651,
        -293.92318237530304,
        436.6558126270643,
        197.6247749234105,
        187.18759165608333,
        430.4895438467745,
        -314.94702910621334,
        -23.848680831126607,
        -296.91166620477975,
        419.36487163681994,
        -303.5037689045488,
        -316.4888741607974,
        -137.58910606096916,
        416.1796461293686,
        -311.9740068209807,
        -300.00624504410666,
        -133.22129257390606,
        -292.36454151166316,
        -303.9823094605532,
        450.5410061516306,
        -500.0,
        86.0733039086877,
        -301.0531164590593,
        405.62666497636343,
        -296.1702090999451,
        -292.1768172211103,
        -295.1756826989513,
        -334.22623079474215
      ]
    },
    "mean_execution_time": 4.069329333305359,
    "function_evaluation_count": 60300
  },
  "iterations": [
    {
      "value": -6206.80500269242,
      "params": [
        214.81835237129,
        -316.7850791137806,
        213.6409001646262,
        -283.1571882101703,
        -485.8517297171919,
        197.44667392883275,
        216.08625405766762,
        -21.712075047724184,
        99.22168765704214,
        187.443899673595,
        -141.12428626536501,
        -300.57835721323977,
        -494.5778094808971,
        -500.0,
        -129.44765246054348,
        413.6868657983609,
        421.3513399445083,
        67.51070499070411,
        184.62124713922393,
        -315.3358839627087,
        429.5402294950626,
        -113.92035543785576,
        429.02395544526564,
        -288.9961237675179,
        -286.60080766126435,
        -500.0,
        -42.070620098020754,
        437.29707757398774,
        -293.42262827338607,
        -311.7151096223502
      ],
      "execution_time": 2.4259886741638184,
      "evaluation_time": 6030
    },
    {
      "value": -7271.174439647797,
      "params": [
        -304.92202899570816,
        440.60414484921245,
        406.2626082314416,
        -293.5980983110582,
        -104.41036272059442,
        -33.38198982681052,
        -114.00440928941093,
        -296.89000472179936,
        385.12097223127176,
        -490.9986048461792,
        409.97976880669387,
        -28.691034211269994,
        -327.2493590532928,
        422.189987706172,
        -307.2324619259512,
        -305.4946668378518,
        -127.32939921159162,
        -311.37553276756444,
        -310.35278427417546,
        417.15566714457907,
        191.16310604945693,
        -300.1988403729334,
        -148.97558629579353,
        -146.67945471990564,
        -312.42666290421676,
        213.74760079328124,
        195.1856713982527,
        425.4653109727295,
        -499.797946623156,
        416.6396842371032
      ],
      "execution_time": 2.476130962371826,
      "evaluation_time": 6030
    },
    {
      "value": -6621.454596186304,
      "params": [
        414.1975291339991,
        55.419888438668515,
        416.8624199817215,
        428.252816622798,
        426.95574538663453,
        -313.1124161727568,
        -298.43554726780764,
        -300.99665208153414,
        -120.12055228985281,
        -135.9039287718119,
        -497.7506350597886,
        87.72064667852516,
        -309.22437006061944,
        -500.0,
        -35.85269007312509,
        196.48465642682024,
        -310.09876130108944,
        437.1882777421823,
        48.44233694794527,
        195.4758700257174,
        52.99399941998271,
        -119.64775010469278,
        -112.46783868896335,
        -311.31502933648545,
        216.41790556843262,
        -159.84312105881932,
        411.52174290557707,
        434.0075459981817,
        -128.3099285651783,
        409.1279700405069
      ],
      "execution_time": 3.0244157314300537,
      "evaluation_time": 6030
    },
    {
      "value": -8230.8597965281,
      "params": [
        428.8318177447505,
        420.7066843469354,
        -310.7418268895651,
        -293.92318237530304,
        436.6558126270643,
        197.6247749234105,
        187.18759165608333,
        430.4895438467745,
        -314.94702910621334,
        -23.848680831126607,
        -296.91166620477975,
        419.36487163681994,
        -303.5037689045488,
        -316.4888741607974,
        -137.58910606096916,
        416.1796461293686,
        -311.9740068209807,
        -300.00624504410666,
        -133.22129257390606,
        -292.36454151166316,
        -303.9823094605532,
        450.5410061516306,
        -500.0,
        86.0733039086877,
        -301.0531164590593,
        405.62666497636343,
        -296.1702090999451,
        -292.1768172211103,
        -295.1756826989513,
        -334.22623079474215
      ],
      "execution_time": 4.705666780471802,
      "evaluation_time": 6030
    },
    {
      "value": -6567.331521225395,
      "params": [
        408.9663528509823,
        -127.06053314543459,
        197.28416115355353,
        416.5073279880612,
        -287.70748624213127,
        -92.62062621608648,
        -270.08895294264937,
        -500.0,
        -500.0,
        -317.3338707031778,
        419.34784492531503,
        192.28574549683378,
        427.6265682098916,
        394.72829896754473,
        -500.0,
        -120.9761098451633,
        -342.1941569964378,
        -119.24634550005112,
        -500.0,
        414.0217518457752,
        -122.267608837046,
        -301.67955282217883,
        -494.79645464229185,
        192.1166210223435,
        -25.086361673614245,
        -33.29833602394681,
        -500.0,
        417.49379933179716,
        396.87528906879425,
        -124.58926508735567
      ],
      "execution_time": 3.893070697784424,
      "evaluation_time": 6030
    },
    {
      "value": -6990.092957452523,
      "params": [
        201.14763141221485,
        438.5976480957313,
        -499.84915891399993,
        3.5626157142172383,
        -311.5003271643408,
        -294.43453455262005,
        203.73997241067843,
        -304.0640275323358,
        -500.0,
        402.5150879616949,
        -137.90313106820852,
        -301.1220687399801,
        70.64006663613203,
        437.20276248637026,
        421.0301781323933,
        421.365603918125,
        55.472535641701086,
        433.9453597941641,
        -97.64501803491102,
        421.7816489481593,
        -496.86970797902427,
        219.38656882636815,
        -136.27102748218022,
        63.159171294122636,
        -317.7857135941727,
        -323.63197396075475,
        -21.899808587094213,
        181.5178223428183,
        432.1018552350912,
        416.46956146882314
      ],
      "execution_time": 4.848272800445557,
      "evaluation_time": 6030
    },
    {
      "value": -5886.584878651129,
      "params": [
        59.29245739347071,
        -498.307090187171,
        -316.11001237783654,
        -293.31664637265595,
        -304.3977055438595,
        -134.46875356315817,
        419.11235073472466,
        205.54488678301118,
        -500.0,
        -489.7520281152526,
        56.56972821372789,
        -129.7286573204699,
        -273.1209543869348,
        457.23706590658327,
        -500.0,
        53.305097301452484,
        445.79719185765356,
        430.3011488645141,
        -493.6416807764962,
        -491.6591598869015,
        -309.4763208014851,
        -500.0,
        93.3070414114036,
        184.75013888235395,
        -273.35078520076985,
        441.2337244543663,
        -498.8597306527465,
        431.67655558028844,
        -80.63735906792613,
        -311.6022464438002
      ],
      "execution_time": 5.9227423667907715,
      "evaluation_time": 6030
    },
    {
      "value": -7042.245042494501,